task,dataset,data_mean,r_min,r_max
g1-joystick-direction,expert,88.34439394483942,-3.46078507900238,35.18845138549805
g1-joystick-direction,medium,14.386538354478818,-3.46078507900238,35.18845138549805
g1-joystick-direction,medium-expert,72.14772498860249,-3.46078507900238,35.18845138549805
g1-joystick-direction,medium-replay,0.4127814518979903,-3.46078507900238,35.18845138549805
go2-flat-forward,expert,97.44897283580778,10.318416104558855,30.75271701812744
go2-flat-forward,medium,29.803667866422334,10.318416104558855,30.75271701812744
go2-flat-forward,medium-expert,90.84429464752863,10.318416104558855,30.75271701812744
go2-flat-forward,medium-replay,-20.548969899895333,10.318416104558855,30.75271701812744
go2-footstand,expert,98.83404900974392,0.2229372002184391,19.809907150268554
go2-footstand,medium,55.48175122149526,0.2229372002184391,19.809907150268554
go2-footstand,medium-expert,91.59318284567418,0.2229372002184391,19.809907150268554
go2-footstand,medium-replay,2.0800070388078398,0.2229372002184391,19.809907150268554
go2-getup,expert,96.51482717472108,3.4339510592166334,17.824157905578613
go2-getup,medium,46.30445080637123,3.4339510592166334,17.824157905578613
go2-getup,medium-expert,90.94926458340119,3.4339510592166334,17.824157905578613
go2-getup,medium-replay,15.399043837841253,3.4339510592166334,17.824157905578613
go2-getup-walk,expert,98.21958516112535,8.32074324512796,98.03784866333008
go2-getup-walk,medium,39.756802626656686,8.32074324512796,98.03784866333008
go2-getup-walk,medium-expert,92.39410168728931,8.32074324512796,98.03784866333008
go2-getup-walk,medium-replay,19.15309727644613,8.32074324512796,98.03784866333008
go2-handstand,expert,99.48506795295438,0.1899101547896862,19.83475570678711
go2-handstand,medium,52.73196699727335,0.1899101547896862,19.83475570678711
go2-handstand,medium-expert,91.93140281136944,0.1899101547896862,19.83475570678711
go2-handstand,medium-replay,4.161439734931054,0.1899101547896862,19.83475570678711
go2-joystick-direction,expert,98.72226657296058,10.318416104558855,30.75271701812744
go2-joystick-direction,medium,29.396385843521127,10.318416104558855,30.75271701812744
go2-joystick-direction,medium-expert,92.05972681901153,10.318416104558855,30.75271701812744
go2-joystick-direction,medium-replay,-20.20453156941014,10.318416104558855,30.75271701812744
go2-push-recovery,expert,98.50805936180198,0.5154091639444232,21.337531805038452
go2-push-recovery,medium,19.103412385143177,0.5154091639444232,21.337531805038452
go2-push-recovery,medium-expert,79.4124454645615,0.5154091639444232,21.337531805038452
go2-push-recovery,medium-replay,8.317759709395505,0.5154091639444232,21.337531805038452
go2-rough-terrain,expert,74.59083960592261,2.433402482792735,46.006964683532715
go2-rough-terrain,medium,27.200860769400563,2.433402482792735,46.006964683532715
go2-rough-terrain,medium-expert,66.19707905033401,2.433402482792735,46.006964683532715
go2-rough-terrain,medium-replay,14.75989784458007,2.433402482792735,46.006964683532715
h1-gait-tracking,expert,114.84478032338787,0.08055390338413418,133.77776756286622
h1-gait-tracking,medium,49.13790564826303,0.08055390338413418,133.77776756286622
h1-gait-tracking,medium-expert,105.85742614284028,0.08055390338413418,133.77776756286622
h1-gait-tracking,medium-replay,22.027602399969837,0.08055390338413418,133.77776756286622
